Country,2000,2001,2002,2003,2004,2005,2006,2007,2008,2009,2010,2011,2012,2013,2014,2015,2016,2017,2018,2019,2020,2021,2022
Africa Western and Central,16.32083164,16.41108393,16.76261386,17.13192401,17.50769269,17.88449046,18.26983529,18.66366518,19.06486675,19.47462716,19.90860049,20.3519353,20.80471544,21.26438306,21.73105577,22.20608843,22.68728166,23.17768827,23.67619549,24.18169264,24.6744688,,
Albania,40.23741599,40.52089533,40.80820221,41.08650252,41.3557192,41.87565502,42.39121173,42.8911399,43.37534517,43.8438649,44.29658365,44.73359433,45.15484031,45.56157447,45.95406239,46.33301305,46.69888959,47.05228993,47.39384501,47.57714147,47.69108212,,
Andorra,14.60403562,21.78866006,28.9732855,36.15790772,43.3425362,50.52715717,57.71178438,64.89640615,72.08103555,79.26565868,86.45028444,93.63490505,100.0000035,99.99999528,100.0000012,99.99999755,99.99999506,99.99999876,100.0000012,100.0000037,100.0000037,,
Arab World,38.95930736,39.07570723,39.74753114,40.01528807,40.50294181,41.0024047,41.60723787,42.25736226,42.92130855,43.59839243,44.21066186,44.82405304,45.40315601,45.94781398,46.52456568,47.16472406,47.86352529,48.5267421,49.14653254,49.70695604,50.07252206,,
United Arab Emirates,,,74.56568765,74.56568765,74.56568765,74.56568765,74.56568765,76.11856186,77.67143607,79.69170759,81.71197912,83.73527727,85.75870566,87.78226429,89.80595317,91.8297723,93.85372167,95.87780128,97.90201114,99.14769965,99.22957,,
Argentina,47.84462112,48.05399554,48.26404854,48.47481229,48.68641549,48.89879673,49.11201065,49.32598106,49.54076879,49.75629799,49.97256189,50.18866086,50.40496589,50.61825328,50.83251634,51.04761816,51.26354091,,,,,,
Armenia,46.26395804,46.35189576,46.43120892,46.50704924,46.58209231,46.65712453,48.09726053,49.52207905,50.96552269,52.42774152,53.90871358,55.40847555,56.92706363,58.46433021,60.02100199,61.59785326,63.13672983,64.61479069,66.1091264,67.76279579,69.32908129,,
Australia,58.78889399,58.78889399,58.78889399,58.78889399,58.78889399,59.75580652,60.72271904,61.68963157,62.65654409,63.62345662,64.59036915,65.55728167,66.5241942,67.49110673,68.45801925,69.42493178,70.39184431,71.35875683,72.32566936,73.29258189,74.25949441,,
Austria,99.68162202,99.67939917,99.6771794,99.67331859,99.66922476,99.66514266,99.66108998,99.6570275,99.6529915,99.64897038,99.6449621,99.64096875,99.6394239,99.63907975,99.63873134,99.63836064,99.63798849,99.63759412,99.63912654,99.64076649,99.64252491,,
Azerbaijan,18.66676954,19.59669997,20.52351408,21.4468334,22.36675979,23.12100788,23.68295256,24.18673445,24.39743142,24.50816483,24.60805925,24.69717328,24.77528518,24.84187106,24.71672828,24.52326138,23.65736781,22.78796404,21.9151199,21.03918997,,,
Belgium,73.8443161,73.84454522,73.84478576,73.84502393,74.72610712,75.60718557,76.48826649,77.3693425,78.25042552,79.13136904,80.01221709,80.89307217,81.77391689,82.65476737,83.53561715,84.41646718,85.29732015,86.1781663,87.05901486,87.93986502,88.82071008,,
Bangladesh,17.66102355,18.73700671,19.82435712,20.90848136,21.98915954,23.07214054,24.14787637,25.22124717,26.29209359,27.35956418,28.42291983,29.48124444,30.533663,31.57950162,32.6181748,33.64912089,34.67175069,35.68556584,36.69010606,37.68488358,38.66941874,,
Bulgaria,50.98889339,50.83995755,50.70176125,50.56548615,50.43131257,50.29901878,50.16856971,50.04006087,49.91346259,51.41793406,53.13918148,54.93685786,56.76194021,58.61381858,60.58086782,62.62218021,64.69305504,66.79304934,68.60083817,70.4127472,72.22877412,,
Bahrain,68.17329223,69.38425755,70.59947504,71.81378837,73.02782993,74.24183286,75.45579717,76.66972285,77.8836099,79.09745833,80.31126813,81.5250393,82.73877185,83.95246578,85.16612107,86.37973774,87.59331579,88.80685521,90.020356,91.23381816,91.23381816,,
Bosnia and Herzegovina,16.94551357,17.60289939,18.25262314,18.89493456,19.52948975,20.15754743,20.77816248,21.39091474,21.99616503,22.59390874,24.79573784,27.07620718,29.36756438,31.59672788,33.67336859,35.32234032,36.97916446,38.64421651,40.31840048,,,,
Belarus,84.14757409,84.22060135,84.29302577,84.36469803,83.73662938,83.06430915,82.39375312,81.72436819,81.05577273,80.38677775,79.73070574,79.07971425,78.42808759,77.7751513,77.11997598,75.97225663,74.83018213,74.58773863,74.3512062,74.12021631,73.89504618,,
Bolivia,27.98748229,28.91301607,29.82490728,30.73120179,31.63453919,32.53443214,33.43165522,34.72125995,36.02920376,37.35459872,38.6975507,40.05816061,41.43604754,42.81789635,44.20886732,45.61717777,47.04296958,48.48564858,49.94654184,51.4255202,52.92221398,,
Brazil,35.74204341,36.16762407,36.58589826,37.00214532,37.41623629,37.82821516,38.23827901,38.64646748,39.0528122,39.4570433,39.85950934,40.26155659,41.15432283,42.06269659,42.98721103,43.92766119,44.88398291,45.85641823,46.84473257,47.8493132,48.706315,,
Bhutan,62.12646111,62.37396261,62.86786039,63.3303878,63.76030628,64.14853948,64.44166271,64.71078133,64.95538449,64.78265275,64.55864346,64.29753151,63.99818885,63.66085999,63.28595222,62.87392457,62.90754042,63.47546086,64.04963687,64.63002626,65.2166584,,
Central African Republic,19.6758589,19.63079212,19.5857164,19.54025698,19.49432394,19.09000526,18.69190459,18.29993339,17.91349252,17.53225618,17.15613616,16.78457431,16.41748307,16.0545444,15.6952343,15.33947083,14.98715727,14.63759225,14.29069706,13.94619233,13.60380656,,
Canada,77.57492526,77.5758104,77.57602197,78.02877775,78.48155771,78.8857635,79.28068911,79.67517216,80.06894984,80.46202275,80.85439848,81.24600912,81.636549,82.02636889,82.41547978,82.80387768,83.1915656,83.5785755,83.97367373,84.36813002,84.36839322,,
Central Europe and the Baltics,71.83908543,68.06275894,68.42506658,68.72455398,69.42722473,70.15149333,71.06791195,72.04148379,73.05052449,74.16940572,75.30248092,76.49550466,77.68087001,78.84628892,79.97938998,81.17416689,82.34165617,83.37761845,84.22215272,84.95085834,85.3224154,,
Switzerland,99.61506661,99.61498273,99.61526264,99.61553749,99.61580674,99.61608332,99.61636646,99.61664303,99.61691804,99.61718556,99.61746539,99.62057864,99.62366575,99.62673767,99.62981829,99.63288821,99.63594918,99.63774647,99.63810616,99.63862569,99.65155911,,
Chile,50.93020344,51.18679267,51.43395989,51.65471264,53.21928976,54.79560816,56.3840428,57.98429897,59.59664186,61.22076212,62.85662723,64.50452638,66.16412487,67.83556426,69.51881798,71.18451893,72.75744191,74.37180759,75.70739056,77.15227438,78.60140201,,
China,13.12912376,13.49134882,14.36520496,16.4711643,18.7369101,21.15726769,23.71607541,26.41296376,29.25110684,32.22411192,35.32940402,38.5387437,41.85739972,45.29026847,48.83494578,52.48634689,56.24054077,60.09072637,64.02449293,68.03605785,69.65580705,,
"Congo, Dem. Rep.",22.25010664,21.82640657,21.40743235,20.99323027,20.58384727,20.17927348,19.68032856,19.18955404,18.70701631,18.16510852,17.630471,17.10315079,16.58317236,16.07056555,15.56537461,15.06761794,14.57732219,14.09448759,13.6191602,13.15133439,12.69102623,,
Colombia,15.16005962,15.32835091,15.49542283,15.66127258,15.82594802,15.98945568,16.15180472,16.31305899,16.47317865,16.63217499,16.79012145,16.94703883,17.1028812,17.25773154,17.41161543,17.5644759,17.71633204,17.86728223,18.01735351,18.16657441,18.31487836,,
Costa Rica,38.85099432,38.62663605,38.39468692,38.15527017,37.90850103,37.65452496,37.39354309,37.12573148,36.4355323,35.77657392,35.12155593,34.47217035,33.83103036,33.23163572,32.65021912,32.08354676,31.53311961,31.00045795,30.48677697,30.33322335,30.20443582,,
Cuba,40.36630366,40.22396538,40.08200834,39.95512326,39.84334331,39.53911216,39.2308363,38.91853778,38.60224872,38.28220647,37.95822131,37.79736744,37.64129587,37.49970725,37.36530044,37.23542419,37.1105788,36.98810077,36.86822005,36.75134752,36.63753199,,
Cyprus,76.13447379,76.17387116,76.14944966,76.19497826,76.2406969,76.28757673,76.33498189,76.38323768,76.43232884,76.48196428,76.53244972,76.58348614,76.63537909,76.69428457,76.75914525,76.83065699,76.90836255,76.99207458,77.08134013,77.07995022,77.08440429,,
Czechia,66.95266479,67.38589186,67.81906362,68.25223786,69.29846462,70.35242518,71.41411958,72.56575993,73.76434957,74.97167173,76.18771716,77.41249287,78.64588811,79.88790368,80.53239683,81.31649548,82.45525534,83.60172238,84.22884504,84.71664179,85.2044177,,
Germany,95.79906423,95.81332596,95.82752079,95.84164588,95.93242679,96.02317376,96.11381657,96.20450442,96.29508283,96.38563061,96.47614557,96.56662709,96.64418546,96.72174779,96.79930775,96.87687416,96.95542656,97.03491046,97.11539497,97.11994168,97.12541087,,
Djibouti,24.85121412,24.85958539,24.86795846,24.87632973,24.88470047,25.70526919,26.52365326,27.33966721,28.15330048,28.96435636,29.77494809,30.58511912,31.39471353,32.20396651,33.0125062,33.82096425,34.62876351,35.43612633,36.24306807,37.04960313,37.08001591,,
Denmark,86.80214187,86.80214056,86.80213909,86.80213981,86.80213797,86.80213806,86.80213609,86.8021387,87.25315654,87.70534319,88.1587008,88.61322378,89.06891755,89.52578015,89.98381156,90.44301167,90.90338049,91.36491906,91.65793228,91.8892027,91.88920329,,
Algeria,21.51471989,21.35186836,21.18795411,21.02308991,20.85728758,20.69066582,20.52313972,20.3548293,20.1856446,20.01637628,19.84678822,19.67709013,19.44541349,19.21417987,18.98335316,18.75313209,18.52347293,18.29457734,18.06639486,17.8390633,17.6125897,,
East Asia & Pacific (excluding high income),17.27749792,17.67806423,18.50698769,20.38219778,22.38999916,24.53033278,26.78285508,29.18240993,31.70259821,34.3237675,37.05976166,39.88327919,42.7953034,45.80077793,48.89772171,52.07893303,55.34453861,58.70105102,62.12323177,65.33638787,66.80174682,,
Early-demographic dividend,17.20474438,18.10897259,19.05108097,20.40931856,22.0812701,23.51450464,24.96204337,26.46939743,27.97726346,29.48488353,31.00175966,32.53241412,34.06822713,35.61677718,37.18065605,38.74569316,40.31393274,41.70247178,43.24253351,44.75234666,46.24858905,,
East Asia & Pacific,21.11507326,21.53849655,22.18617038,23.70281006,25.33376542,27.0814956,28.91626202,30.84376594,32.84512248,34.91786715,37.06691711,39.2829621,41.56121005,43.90051086,46.29904165,48.75223893,51.25724761,53.80613232,56.39855812,59.00498121,60.14562004,,
Europe & Central Asia (excluding high income),52.48261878,52.68384727,53.05042251,53.41409361,53.9147056,54.41820092,54.88367541,55.37887606,55.86564004,56.7379621,57.64448433,58.55376294,59.46676223,60.38072959,61.28737046,62.14054708,62.96977532,63.81178954,64.61961263,65.09648971,66.76515798,,
Europe & Central Asia,61.47180238,61.2987635,61.53244873,61.7676392,62.12889082,62.49854822,62.83259979,63.2463557,63.66241822,64.18144629,64.6966835,65.2063861,65.69942836,66.18208031,66.65462433,67.15308695,67.64853207,68.13036769,68.59409601,69.04250857,69.83739982,,
Ecuador,39.93561,39.98472033,40.03130024,40.07813763,40.11987998,40.2882852,40.45062481,40.60666183,40.75657715,40.90037094,41.03788243,41.17477529,41.3104759,41.44122458,41.56719676,41.68797239,41.80394258,41.81090851,41.75378947,41.69898671,41.63194052,,
"Egypt, Arab Rep.",54.15660902,54.11881407,54.08015897,54.04065235,54.76756069,55.49700483,56.22897267,56.95679985,57.68364511,58.41385745,59.14712972,59.88376233,60.61884806,61.35765668,62.09992565,62.86468116,63.7198589,64.58175593,65.45013463,66.32486076,67.06102993,,
Euro area,87.87291974,87.90621595,87.94873542,87.98790102,88.152973,88.34911158,88.55381676,88.762314,88.97751203,89.18962879,89.40367746,89.59751631,89.830031,90.07123317,90.31224932,90.55751796,90.80734526,91.00350532,91.15555298,91.22362474,91.29885215,,
Spain,94.01193269,93.8276238,93.64321295,93.4587513,93.38160524,93.57243618,93.76319903,93.95387551,94.14448165,94.33500698,94.52545982,94.71583292,94.90613154,95.09634501,95.28644895,95.47630733,95.66609688,95.6660506,95.66577751,95.66549892,95.66521712,,
Estonia,92.56735056,92.57380161,92.57887271,92.54579523,92.57174273,92.5955736,92.61824286,92.63976233,92.66013164,92.67935265,92.69742932,92.71435562,92.73001559,92.74418092,92.7569146,92.82388663,92.88954827,92.95386558,93.00670163,93.06132184,93.06072861,,
Ethiopia,2.116906837,2.377647105,2.627151311,2.876350728,3.118540241,3.355939326,3.588700651,3.818593969,4.063969302,4.305104889,4.5424233,4.775775962,5.005476723,5.224650007,5.439999707,5.654994616,5.866489062,6.074356692,6.279053616,6.480693308,6.679274945,,
European Union,85.18177474,83.58345168,83.73386309,83.85600514,84.17079134,84.51125895,84.89144152,85.29231162,85.70871137,86.13813061,86.57176204,86.98398358,87.43185307,87.88173667,88.32200102,88.77371481,89.2178626,89.59440801,89.89938364,90.11302659,90.24521219,,
Finland,79.98952889,80.24642653,80.5033269,80.76022722,81.01712754,81.27402788,81.53092822,81.78782858,82.04472889,82.3016292,82.5585174,82.81539387,83.07227101,83.32916207,83.58606658,83.84297108,84.09987555,84.09987264,84.09986931,84.09986558,84.09986144,,
France,79.23592055,79.23755841,79.23920255,79.19956145,79.15987944,79.12016002,79.08039447,79.04058726,79.00072758,78.96081965,78.92085652,78.88084305,78.84078069,78.80066533,78.76050083,78.7202854,78.68002145,78.639709,78.59934805,78.58911692,78.5884767,,
United Kingdom,97.7410102,97.74638486,97.76231207,97.77801886,97.79362306,97.8090057,97.82428066,97.8502224,97.87606129,97.90168872,97.92715808,97.95247102,97.97774099,97.99806,98.01222443,98.02628399,98.04028692,98.05412839,98.06786201,98.08153743,98.09505713,,
Georgia,47.90429214,47.28735939,46.59432981,45.84220307,45.13658454,44.42891811,43.71899995,43.0068027,42.29247153,41.57598549,40.85714085,40.13608668,39.41262002,38.6870698,37.95905461,37.22872931,36.49444378,35.75669287,35.01946185,34.72227577,34.4187272,,
Ghana,4.365501653,4.427019443,4.885172662,5.346610486,5.811130817,6.278186159,6.747471971,7.218545628,7.69099721,8.164356208,8.638307608,9.112390354,9.586205656,10.05936669,10.53152455,11.00233495,11.47145828,11.93857292,12.4033639,12.86554531,13.32480098,,
"Gambia, The",43.21158262,41.91989725,40.65349407,39.4892798,38.37626929,37.7868821,37.20198634,36.6206892,36.04195184,35.46547486,34.88985408,34.31438933,33.73794676,33.15989799,32.57912315,31.99442662,31.40455622,30.8082034,30.20407064,29.5908716,28.96715938,,
Guinea-Bissau,3.26292596,3.631962583,4.004654451,4.380860074,4.760688654,5.167166109,5.58080601,6.00148721,6.429392988,6.864368532,7.306968688,7.757049724,8.214834018,8.680282118,9.153628548,9.63497749,10.1242777,10.62161617,11.12725323,11.6411223,12.16331268,,
Greece,77.26847344,77.87126339,78.52453997,79.18024195,79.83882498,80.49946826,81.16238664,81.82778827,82.49564615,83.16533611,83.83710579,84.54404272,85.3791089,86.21128004,87.04057237,87.83493406,88.6157321,89.39438524,90.1711824,90.94585502,91.71870529,,
Greenland,85.91056578,85.9105649,85.91056238,85.91055988,85.91055904,85.9105597,85.9105586,85.91055588,86.13351214,86.75118704,87.37089352,87.99264118,88.61642673,89.24225078,89.8701133,90.50001399,91.13195538,91.42666624,91.65793958,91.88920622,91.88920703,,
"Hong Kong SAR, China",86.10844889,86.10844889,86.10844889,86.10844889,86.09747593,86.08650297,86.07553001,86.06455705,86.05358409,86.04261113,86.03163817,86.02066522,86.00969226,85.9987193,85.98774634,85.97677338,85.96580042,85.95482746,85.9438545,85.93288155,85.92190859,,
Honduras,40.04916505,40.75284943,41.42015962,42.06863879,42.69954433,43.24885745,43.77909775,44.29078042,44.78384474,45.25911527,45.71609364,46.15566379,46.57726204,46.98211459,47.36961725,47.74141572,48.1578315,48.5590408,48.9455273,49.31748103,49.67509858,,
Croatia,77.87473815,77.92698976,77.98582524,78.04491845,78.10378257,78.16265687,78.2215456,78.28044247,78.33935053,78.39827327,78.45720647,78.51590818,78.10613114,76.82368176,75.54176099,74.25955209,72.97693078,71.69353866,70.39226157,69.08965145,67.78555485,,
Hungary,63.88115863,63.58014119,63.28747808,62.99622209,64.56171912,66.18057915,67.85382797,69.57845454,71.35379277,73.17910955,75.04872452,76.96630383,78.91964952,80.91432991,82.95392947,85.03813531,86.093358,86.904568,87.72220637,87.75110139,87.7804865,,
India,6.582622414,7.847825482,9.168575044,11.04516035,13.37748103,15.3211176,17.27038835,19.28393109,21.30680318,23.3386407,25.37938816,27.42892062,29.48719818,31.55352208,33.62723216,35.70761814,37.79397393,39.88551213,41.89591302,43.90429017,45.90965899,,
Ireland,53.9202358,55.44309298,56.97816906,58.57256608,60.18642339,61.81638528,63.46257184,65.12448024,66.79925671,68.48680663,70.18702353,71.8998541,73.62523247,75.4535305,77.29145367,79.13883688,80.99589882,82.45330285,82.65620946,82.77712007,82.89898929,,
Iraq,32.89814045,33.4111699,33.92283537,34.43314127,34.94208434,35.41874191,35.89458233,36.36950236,36.8435454,37.43362493,38.02676549,38.6246988,39.22949542,39.84130348,40.46022406,41.08641063,41.7197168,42.36033706,42.88862069,43.1273041,42.87731862,,
Iceland,41.85407095,43.87972331,45.91825072,47.9690222,50.03244966,52.10876373,54.19795186,56.30002491,58.41497792,60.54281939,62.6839614,64.83842538,67.00581901,69.21235616,71.59272112,73.98600849,76.39218888,78.81124984,81.24319906,83.68803443,83.68756132,,
Israel,79.81501087,80.57320446,81.33140721,82.08964173,82.8479182,83.60619892,84.36451618,85.12284793,85.88121395,86.6396076,87.39807077,88.1539945,88.91001016,89.66614967,90.42238955,91.17874112,91.93520069,92.69180272,93.44852172,94.20534806,94.96232762,,
Italy,95.6421941,95.64344875,95.64554881,95.64804388,95.65490632,95.66174191,95.66858102,95.67542043,95.68226338,95.68907928,95.69591975,95.70273971,95.71214036,95.72269582,95.73321016,95.74372839,95.75417839,95.76461446,95.77078165,95.77703292,95.78339507,,
Jordan,75.57301436,75.52049492,75.54990942,75.60137592,75.72232655,76.29189586,76.95676665,77.58259172,78.18983639,78.7555666,79.28402184,79.77651924,80.23583486,80.66259802,81.06033197,81.27478999,81.48468365,81.68932227,81.88884508,82.08366975,82.27367941,,
Japan,73.03258582,73.4801356,73.92285411,74.36134337,74.79734312,75.23085406,75.66187689,76.09041232,76.51646106,76.94002381,77.36110128,77.77969418,78.19580321,78.60942908,79.02057249,79.42923417,79.8354148,80.23911509,80.64033577,81.03379461,81.42986093,,
Kyrgyz Republic,85.08256521,85.20174597,85.60937161,86.01392837,86.41517889,86.90391722,87.38300479,87.85391628,88.32241533,88.78837894,89.24915637,89.70460674,90.1545832,90.59930355,91.03862231,91.47252559,91.84632275,92.03138774,92.21204464,92.38867687,92.46858395,,
Kiribati,16.00249395,16.81369079,17.57820289,18.34268662,19.1070514,19.76194639,20.45136685,21.16329409,21.69739363,22.21374831,22.71219897,23.19251245,23.6544549,24.09765465,24.52203802,24.92736807,25.31323293,25.67971129,26.02700336,26.35527408,26.66472692,,
"Korea, Rep.",75.6081918,76.89938954,78.1933061,79.4899415,80.78929572,82.09136877,83.39616064,84.70316596,86.00866292,87.31687029,88.62778804,89.94141619,91.25775473,92.57680367,93.898563,95.22303273,96.51616206,97.73700976,98.95665167,99.94226257,99.9374936,,
Kuwait,100,100,100,100,100,100,100,100,100,100,100,100,100,100,100,100,100,100,100,100,100,,
Latin America & Caribbean (excluding high income),29.48094433,29.85340134,30.22432924,31.00278444,31.79263148,32.59265965,33.40513527,34.23678698,35.07558672,35.9254919,36.77663656,37.65407826,38.74493583,39.85454136,40.9829317,42.12889134,43.29044991,43.79980172,45.05585683,46.33302109,47.56111539,,
Lao PDR,21.69555916,24.34160523,26.71027824,29.05318457,31.36955339,33.61740835,35.75048947,37.86350956,39.95710857,42.03053264,44.08422958,46.11825581,48.13280447,50.1273912,52.10254845,54.0635676,56.0063144,57.93024836,59.83519266,61.36144639,61.38126571,,
Lebanon,9.425466024,9.425466024,9.425466024,9.84741854,10.26937106,10.69132357,11.11327609,11.5352286,11.95718112,12.37913363,12.80108615,13.22303866,13.64499118,14.06694369,14.48889621,14.91084872,15.33280124,15.75475375,16.17670627,16.53432546,16.28275164,,
Libya,24.8318922,24.63226793,24.43264366,24.23301938,24.03339511,23.83377084,23.63414657,23.4345223,23.23489803,23.03527376,22.83564949,22.63602522,22.43640095,22.23677667,22.0371524,21.83752813,21.61605785,21.61655428,21.61704948,21.61704948,21.61704948,,
Latin America & Caribbean,15.18487882,15.61494824,16.03987817,16.8083294,17.6282319,18.38357252,19.21145282,20.05463738,20.90740071,21.77409433,22.65566014,23.55396123,24.60556698,25.67567546,26.76649846,27.8792493,29.01503241,30.31249114,31.55379947,32.81450328,34.08215539,,
Least developed countries: UN classification,17.36018343,17.94884649,18.47603078,18.98059457,19.47105459,19.95517466,20.41762209,20.85233157,21.29876884,21.69660507,22.10149424,22.4935895,22.87319714,23.247341,23.6151367,23.98979432,24.38942904,24.78563707,25.17711794,25.56074116,25.87362138,,
Liechtenstein,98.75,98.75,98.75,98.75,98.75,98.75,98.75,98.75,98.75,98.75,98.75,98.75,98.75,98.75,98.75,98.75,98.75,98.75,98.75,98.75,98.75,,
Lesotho,6.956036538,9.24941769,11.5308802,13.75899304,15.9604033,18.12954316,20.27141358,22.38246425,24.46811831,26.52821508,28.56272937,30.57155201,32.55780071,34.52124304,36.46185622,38.37956927,40.27448781,42.14656281,43.99522997,45.82040047,47.62168823,,
Late-demographic dividend,22.76048054,23.42178061,24.17962103,25.67617284,27.30446295,29.0441008,30.89884512,32.86008338,34.92132816,37.07436804,39.30459682,41.59819565,44.01175817,46.49963462,49.05992822,51.70059187,54.41256459,57.19113336,60.00889809,62.60963185,64.03504289,,
Lithuania,79.53671188,79.99395432,80.44671074,80.90087115,81.35643179,81.82996477,82.32002187,82.80898258,83.2968505,83.77004563,84.23002089,85.51934704,86.84890821,88.19050536,89.5537888,90.92168865,92.29599606,93.35363524,93.89547291,93.91542258,93.93707198,,
Luxembourg,90.88224416,90.92752336,90.96029066,90.99222688,91.0227323,91.05201612,91.08059966,91.10840338,91.13557406,91.77678176,92.41794701,93.05898132,93.69938139,94.33895392,94.97834957,95.61716798,96.25536822,96.72498505,96.74564966,96.76533819,96.78404532,,
Latvia,52.41175179,52.41175179,52.41175179,52.35403559,52.2481114,52.14225955,54.03975499,55.95503738,57.88792435,59.83809642,61.80530966,63.78957804,65.7907638,67.80872487,69.84332806,72.04224815,74.26633217,76.5155682,78.78852105,81.08653606,83.40960117,,
"Macao SAR, China",54.7222162,54.7222162,54.7222162,54.7222162,54.7222162,54.7222162,54.7222162,54.7222162,54.7222162,54.7222162,55.79875247,56.87528875,57.95182502,59.02836129,60.10489756,61.18143383,62.2579701,63.33450637,64.41104264,65.48757892,66.56411519,,
Morocco,32.15384727,32.48839106,33.02361181,33.5704323,34.12935503,34.50253434,34.83066006,35.15795717,35.48432466,35.80967302,36.13419969,36.45766568,36.78012361,37.10148724,37.42180347,37.74099097,38.05909803,38.37603783,38.69180171,39.00630913,39.31960908,,
Monaco,100,100,100,100,100,100,100,100,100,100,100,100,100,100,100,100,100,100,100,100,100,,
Madagascar,3.458752196,3.831344237,4.204318436,4.555934443,4.904165104,5.267388146,5.627827693,5.985452403,6.340402513,6.692416517,7.041632577,7.388017703,7.731595239,8.072330014,8.410305357,8.745424596,9.07777163,9.407308361,9.734057566,10.05791673,10.37903328,,
Middle East & North Africa,,,,,,,,,,28.78227459,29.84602245,30.8266245,31.74107539,32.6194156,33.49957206,34.41299032,35.3037404,36.21014073,37.09667823,37.97845084,38.76771056,,
Mexico,17.82838677,17.96506537,18.09879201,19.98947425,21.91572399,23.87717464,25.87350566,27.90436423,29.96951033,32.0685671,34.20129298,36.3676703,38.56730401,40.80011597,43.06591674,45.36435171,47.69541008,50.0587208,52.45421467,54.88172246,57.34110284,,
North Macedonia,12.88307655,12.89709303,12.91110925,12.92512645,12.93921011,12.90839277,12.87573946,12.84107992,12.80424268,12.76497902,12.72318656,12.67861077,12.63115036,12.58054455,12.52660764,12.46933043,12.40835639,12.34358909,12.19801327,12.18440354,12.19672276,,
Mali,6.130797483,6.76331851,7.407277962,8.061788929,8.725933293,9.398892124,10.07965255,10.7673983,11.46107647,12.15677504,12.85689472,13.56074692,14.26768035,14.97708308,15.68827712,16.40083107,17.11413871,17.82759777,18.53257096,19.22903769,19.9246421,,
Malta,91.86797469,91.86797469,91.86797469,91.86797469,91.86797469,91.86797469,91.86797469,91.86797469,91.86797469,91.86797469,91.86797469,91.86797469,91.86797469,91.86797469,91.86797469,91.86797469,91.86797469,91.86797469,91.86797469,91.86797469,91.86797469,,
Myanmar,58.38123919,58.92317706,59.24143779,59.55521924,59.86449477,60.16921715,60.46931151,60.76480509,61.0556676,61.0463221,61.03403892,61.01879819,61.00058701,60.97943074,60.95525265,60.92729913,60.89505922,60.85804939,60.81572409,60.76766634,60.71341702,,
Middle East & North Africa (excluding high income),39.35427365,39.47478668,39.64116429,39.78776874,40.19435108,40.5723361,41.00058922,41.43370705,41.80783004,42.18205349,42.56328653,42.99267166,43.38908711,43.76450253,44.20559823,44.70641253,45.2811948,45.83051938,46.34867994,46.82402607,47.16290952,,
Montenegro,,,,,,,28.13976648,29.59750039,31.04026797,32.46812393,33.88081713,35.27822121,36.66026671,38.02689641,39.37808478,40.71380573,42.03397976,43.33861243,44.62475289,45.62698827,45.43822064,,
Mongolia,33.2706866,33.71932288,34.15819176,34.58723675,35.57606567,36.56402465,37.55119239,38.53683494,39.52051048,40.50110307,41.47895886,42.88071215,44.26673656,45.67278651,47.09869731,48.54463438,50.01042959,51.49591845,53.00287453,54.52952347,55.53872038,,
Malawi,19.1828975,19.43719936,19.68720016,19.93721318,20.18715599,20.43709735,20.68696236,20.9368153,21.1865826,21.43700182,21.68798232,21.93948986,22.19137194,22.44363817,22.69608387,22.94875758,23.20140918,23.45407277,23.70663177,23.95893214,24.2109328,,
Malaysia,65.64841979,65.8615045,66.07066571,66.27599783,66.47755311,66.67528614,66.86934744,67.05976743,67.60357221,68.14477223,69.0410832,69.94101839,70.84699981,71.75945971,72.67845877,73.44444153,74.2848702,75.86281624,77.45314542,,,,
North America,74.80104425,74.95917796,75.11048675,75.29875902,75.48678761,75.65337574,75.81997427,75.98753007,76.15424715,76.32016688,76.78037277,77.24196023,77.70117055,78.16145526,78.62216378,79.03105091,79.43920091,79.84782268,80.25533826,80.66327707,81.05425373,,
Niger,5.824545888,6.548758476,7.256499253,7.964407219,8.666901887,9.256826745,9.814903939,10.3579956,10.8858509,11.39895417,11.897061,12.37990497,12.84800105,13.30108842,13.74334085,14.1756123,14.59767048,15.01045325,15.41375964,15.80861376,16.18740843,,
Nigeria,21.30113183,21.30050319,21.66167444,22.04663711,22.44264433,22.85006965,23.26927858,23.70064584,24.14455283,24.60127561,25.07123103,25.55433685,26.05075831,26.56055695,27.08385391,27.62076539,28.17119796,28.73534958,29.31313945,29.90451468,30.50948612,,
Netherlands,97.441003,97.44117906,97.44142874,97.44167504,97.44519855,97.44871785,97.45222194,97.45570268,97.45917384,97.46266315,97.4661496,97.469611,97.47306851,97.47650192,97.47990711,97.48330602,97.48670933,97.49010655,97.49352997,97.49694295,97.49706115,,
Norway,58.56154899,58.89494297,59.2291805,59.56426338,59.90023983,60.23711656,60.5748373,60.91337053,61.25272549,61.59292008,61.93395739,62.27569439,62.61814245,62.96143165,63.305572,63.65054922,63.99637237,64.34303832,64.69055165,65.038926,65.38813799,,
Nepal,9.12794728,11.35443284,12.91434336,14.51576321,16.15840042,17.84196037,19.56614071,21.33067004,23.1351786,24.97934304,26.86283221,28.78532019,30.74644232,32.74574866,34.78278188,36.85708854,38.9681496,41.1154797,43.29851891,45.51677912,48.64083656,,
New Zealand,74.38479966,74.93483797,75.48660676,76.04010174,76.59532294,77.15227454,77.71095374,78.27135782,78.83349224,79.39735158,79.96293988,80.53025844,81.09930065,81.14355385,81.18582771,81.22610678,81.264409,81.30071781,81.33504336,81.37003053,82.19090813,,
Peru,10.65352443,12.33495746,14.06601551,15.84621565,17.67500706,19.55181157,21.47624975,23.44769305,25.45390696,27.4986565,29.5867664,31.71782788,33.89185843,36.10843125,38.36746413,40.66890798,43.01230098,45.39758923,47.82568336,50.29633874,52.80961836,,
Philippines,43.17556694,43.52262482,43.87050891,44.21921898,44.56875545,44.9191181,45.2703069,46.22159537,47.18619939,48.16415377,49.15443034,50.24239538,51.35972448,52.48718451,53.62477569,54.77230402,55.92972932,57.0956432,58.26934487,59.45034649,60.63807215,,
Poland,79.27167312,79.901623,80.52546174,81.11215081,81.75841413,82.40894304,83.06255315,83.71876075,84.37759579,85.03951283,85.70428767,86.37192487,87.03980893,87.71099039,88.38511039,89.06251536,89.74680971,90.15793759,90.35071493,90.48484629,90.54196321,,
Puerto Rico,32.5385126,32.53629579,32.53407898,32.53186216,32.52964535,32.52742854,32.52521173,32.52299492,32.5207781,32.51856129,32.51634448,32.51412767,32.51191086,32.50969404,32.50916088,32.50916088,32.50916088,32.50916088,32.50916088,32.50916088,32.50916088,,
Portugal,50.66800869,50.83873125,51.00560766,51.1706606,53.34088321,55.52606291,57.72654394,59.94185902,62.17196655,64.41629085,66.67505885,68.94796515,71.23466536,73.53443323,75.84735746,78.1730268,80.51119333,82.78225037,84.83351595,84.95823014,85.0813595,,
Paraguay,43.98110071,44.94455986,45.88077244,46.77562358,47.65475184,48.52294749,49.38019903,50.22657678,51.06215774,51.88697503,52.70109861,53.50459838,54.29749062,55.0820425,55.85809387,56.62507469,57.3829395,58.12856063,58.82281712,59.52012529,60.12617184,,
West Bank and Gaza,43.62120901,43.75707035,43.89331174,44.02911339,44.35457637,44.74230386,45.67212889,47.11928063,48.5733647,50.0372815,51.51107916,52.99405464,54.4858885,55.98624299,57.49478252,59.01085561,60.53415014,62.06461286,63.60135515,65.14457918,66.69318249,,
Post-demographic dividend,84.20215485,84.40968162,84.63433102,84.86279287,85.15705028,85.47544052,85.7897157,86.10339346,86.4203806,86.8403081,87.26008988,87.67087148,88.0883774,88.49645028,88.89859705,89.26365086,89.61907265,89.95684075,90.27067874,90.58998035,90.71345515,,
Qatar,71.1,71.1,71.1,71.1,71.1,71.1,71.1,71.1,71.1,74,76.9,79.8,82.7,85.6,88.5,91.4,94.3,97.2,97.2,97.2,97.2,,
Romania,,51.9938812,51.97230977,52.01186063,52.82377689,53.69210189,55.27869633,56.93866008,58.67188399,60.47825864,62.35767609,64.31002278,66.3035304,68.35781158,70.48701356,72.69717227,74.98827061,77.35901664,79.80953656,82.33872542,83.14104863,,
Russian Federation,55.37526677,55.64392559,55.91328322,56.19029565,56.47024561,56.75071524,57.03170168,57.31319887,57.59520989,57.87756867,58.16059986,58.44413927,58.73026265,59.01865454,59.30944688,59.60218895,59.89685221,60.19327141,60.49115466,60.65421562,60.81736623,,
South Asia,9.061379074,10.1775599,11.39062408,13.14092207,15.29181019,17.07868209,18.8615576,20.70741059,22.55774575,24.41308015,26.27363409,28.13908238,30.00904878,31.8827335,33.75960759,35.63921626,37.52129923,39.40525658,41.20356074,42.98776694,44.78040243,,
Saudi Arabia,37.28527113,37.28527113,37.28527113,38.49665054,39.70802996,40.91940937,42.13078879,43.3421682,44.55354762,45.76492703,46.97630645,48.18768586,49.39906528,50.61044469,51.82182411,53.03320352,54.24458293,55.45596235,56.60731319,57.84887229,59.11357539,,
Senegal,13.95497187,14.2940866,14.63925679,14.9868961,15.33464364,15.68024181,16.02363923,16.36475968,16.7035364,17.03991637,17.67660035,18.32118637,18.97369368,19.63411955,20.3024708,20.97874665,21.66300532,22.35530807,23.05570889,23.76426935,24.12373836,,
Singapore,100,100,100,100,100,100,100,100,100,100,100,100,100,100,100,100,100,100,100,100,100,,
Sierra Leone,8.754886267,9.025286617,9.296184108,9.567579773,9.814651843,10.06994828,10.33220732,10.59521368,10.85889068,11.12304167,11.38759339,11.65258804,11.91794768,12.18336482,12.44899359,12.71464273,12.98034479,13.24676127,13.51397705,13.78175184,14.04994901,,
San Marino,70.3715,70.3715,70.3715,70.3715,70.3715,70.3715,70.3715,70.3715,70.3715,70.3715,70.3715,70.3715,70.3715,70.3715,70.3715,70.3715,70.3715,70.3715,70.3715,70.3715,70.3715,,
Somalia,15.63945372,16.1518236,16.66339479,17.27970114,17.8950733,18.73471509,19.56878562,19.4776798,20.53167246,21.60144962,22.68708445,23.78602649,24.60296685,25.43063619,26.26924638,27.11873811,27.9790365,28.8495718,29.7302541,30.62027551,31.51954306,,
Serbia,22.76739432,22.40871639,22.05312151,21.7007764,21.35118582,20.9923978,20.71626171,20.44313655,20.17332053,19.90669626,19.6433945,19.38878773,19.19874028,19.01331061,18.82964332,18.6479067,18.46798096,18.28920415,18.10589629,18.22948719,18.3538438,,
Sub-Saharan Africa,14.33408494,14.58703713,14.91395058,15.2520135,15.59130838,15.97366856,16.35553193,16.73257448,17.1286907,17.50532346,17.88885463,18.12652537,18.50681285,18.88842358,19.27223392,19.65921825,20.04786429,20.43409074,20.71300279,21.04170695,21.28087062,,
Sao Tome and Principe,12.65635366,13.72840075,14.81867034,15.91375321,17.01092157,18.07229649,19.14245417,20.22075438,21.30656861,22.39898353,23.49769521,24.60197624,25.71140334,26.82325371,27.93752832,29.05384394,30.17199252,31.29180774,32.41314828,33.53591118,34.66002275,,
Suriname,29.46502986,29.70744826,29.94854128,30.18857289,30.42741614,30.12066231,29.81153185,29.49834386,29.18094451,28.85917719,28.53333707,28.20326493,27.86895969,27.53041248,27.18519424,26.83321407,26.47466859,26.10961233,25.73796269,25.36006018,25.18060241,,
Slovak Republic,85.61894463,85.61831041,85.60398158,85.4437307,85.17187816,84.89996661,84.62787424,84.35572164,84.08363339,83.81136478,83.52347717,83.23649439,82.96517297,82.6938247,82.42245221,82.31967293,82.22059505,82.12518895,82.02627838,81.93098819,81.93498231,,
Slovenia,24.69443026,26.72192345,28.80603237,30.94675702,33.14409739,35.40524102,37.72338126,40.0985181,42.53065154,45.01978158,47.56590823,50.16903148,52.82915133,55.54626778,58.32038084,61.41714762,65.21045217,68.07094176,69.23002672,70.38911168,71.54819663,,
Sweden,92.9794145,93.04732631,93.11634789,93.18537726,93.2542755,93.32304405,93.39504292,93.4699943,93.61668288,93.75016349,93.88175299,94.01674339,94.15444583,94.28948204,94.42198503,94.55197972,94.67042316,94.78554161,94.85217437,94.91781768,94.93116239,,
Chad,8.60256928,8.625477197,8.646667278,8.668336687,8.690354559,8.712721622,8.735437119,8.758663425,8.782082065,8.834288152,8.895495427,8.966240509,9.047280285,9.138990094,9.241946941,9.356973052,9.484698858,9.625769072,9.781107203,9.951135834,10.13711759,,
East Asia & Pacific (IDA & IBRD countries),17.27749792,17.67806423,18.50698769,20.38219778,22.38999916,24.53033278,26.78285508,29.18240993,31.70259821,34.3237675,37.05976166,39.88327919,42.7953034,45.80077793,48.89772171,52.07893303,55.34453861,58.70105102,62.12323177,65.33638787,66.80174682,,
Europe & Central Asia (IDA & IBRD countries),55.66449697,55.67413847,56.04725783,56.41370919,56.94270888,57.47789791,58.01517431,58.5847474,59.14894578,60.03620156,60.94604723,61.86960857,62.78822545,63.69692666,64.60149614,65.46433554,66.31374641,67.15548776,67.95533093,68.50456526,70.01693315,,
Togo,5.534385778,5.71613038,5.89863863,6.081562793,6.265199146,6.445433433,6.625022051,6.806524365,6.989899173,7.174695269,7.361118863,7.550551024,7.742055644,7.934418179,8.127651473,8.321616697,8.516427013,8.711846393,8.907705985,9.103834173,9.134181091,,
Thailand,19.92458619,20.05491674,20.18837832,20.33723525,20.50081266,20.83306438,21.170625,21.51336084,21.86139241,22.2145,22.57295996,22.90759893,23.2398738,23.57552282,23.91465201,24.25724286,24.60270448,24.94249122,25.28339393,25.60781395,25.93233521,,
Latin America & the Caribbean (IDA & IBRD countries),29.96614932,30.34843754,30.72867693,31.51065189,32.35051733,32.57919961,33.38241103,34.20343838,35.0313361,35.86389748,36.72871781,37.61438793,38.69888924,39.80048448,40.92007683,42.05574147,43.2085996,43.77157069,45.0508981,46.36188505,47.60826854,,
Middle East & North Africa (IDA & IBRD countries),39.29165649,39.41159312,39.5780661,39.72446477,40.13188644,40.5093605,40.92950825,41.3463986,41.70304041,42.05969578,42.42318903,42.83532519,43.21405719,43.5723369,43.9975275,44.48256596,45.04194574,45.575571,46.07577862,46.53197436,46.84910783,,
Tonga,33.24482548,33.24307437,33.24138237,33.23963139,33.23788158,33.78822907,34.3381525,34.88660038,35.43356344,35.97228477,36.41198999,36.34107512,36.14073249,35.84877537,35.55715146,35.26561548,34.97427521,34.68312286,34.39018887,34.09544742,33.79848179,,
South Asia (IDA & IBRD),7.83996689,9.105054126,10.40625034,12.19236437,14.37638058,16.22158334,18.07024807,19.97552978,21.88968868,23.81297592,25.7460885,27.68770471,29.63738139,31.59428123,33.55763297,35.52673391,37.50102654,39.47965249,41.38678209,43.29156862,45.2088143,,
Tunisia,54.32867657,55.13118286,56.16356304,57.51901887,58.88008982,60.22148683,61.57709816,62.94589104,64.32807405,65.72345586,67.13144299,68.55261662,69.98637881,71.43182927,72.88986104,74.36254533,75.84910852,77.34910318,78.48172074,79.61799057,80.75702279,,
Turkiye,58.97259476,59.0376157,59.61046791,60.17073637,61.4172572,62.66177435,63.90442119,65.01511692,66.1339721,67.260423,68.39420636,69.53491062,70.6822529,71.83552661,72.99465403,74.15937825,75.32950475,76.50481763,77.68516892,78.06227165,78.42842829,,
Tuvalu,,4.741816934,4.742182556,4.742905812,4.743812766,4.744718833,5.041499462,5.330469394,5.611628653,5.885049226,6.150751889,6.408771122,6.659141442,6.50481613,6.195572325,6.174528522,6.154131175,6.134402761,6.115298329,,,,
Tanzania,4.687665867,5.915949964,7.14860262,8.398327378,9.640954582,10.88696901,12.14439713,13.40593143,14.67210672,15.81176345,16.93562275,17.97844691,18.99554088,20.01674595,21.04205092,22.07175817,23.10593379,24.1449869,25.18909089,26.23827758,26.32853154,,
Ukraine,42.25100097,42.36141509,42.83853218,43.30769652,43.79619849,44.28034585,44.76659008,45.2526706,45.73839854,48.56326727,51.38794236,54.19714552,56.99066912,59.74003524,62.41621185,64.83414272,67.25893125,69.68638742,71.98945318,71.97733771,71.96382102,,
United States,97.508241,97.57210272,97.63605082,97.7000783,97.76418841,97.8283804,97.89264968,97.95699817,98.02142764,98.08593485,98.13517396,98.18494766,98.2352578,98.28612717,98.33755989,98.32452877,98.31176198,98.29928582,98.28709462,98.27522266,98.26364733,,
"Venezuela, RB",,,,,,21.81022469,21.56402461,21.31946637,21.07656859,20.72693561,20.93963143,21.15232725,21.36502306,21.57771888,21.7904147,22.00311052,22.21580634,22.42850216,22.64119797,22.85389379,23.06658961,,
World,28.64200505,29.14237842,29.74735606,30.85363766,32.14210992,33.25609031,34.51485307,35.82648636,37.1665911,38.54113228,39.94651941,41.31173672,42.75109581,44.20315557,45.66786078,47.14433669,48.6317289,50.12443206,51.58634051,53.02257121,53.9501463,,
Samoa,47.82975879,47.81901745,47.83400776,47.86268697,47.89112982,48.06377249,48.23681677,48.40977357,48.33979685,48.27012427,48.20075591,48.13180091,48.06493129,47.99940824,47.9340833,47.86920748,47.80464214,47.74011009,47.6734285,47.69878833,47.72143687,,
"Yemen, Rep.",24.77158851,24.8906761,25.0115449,24.62637412,24.10349857,23.48498636,22.86442038,22.24149394,21.61612063,20.9882113,20.3576839,19.72430733,19.08802912,18.44893568,17.80669992,17.43173948,17.72453633,18.01167564,18.29296749,18.56846192,18.83797863,,
Zimbabwe,30.36642958,30.33755841,30.36326532,30.39669299,30.43612022,30.13274429,29.83106015,29.53096757,29.23253016,28.93564191,28.64037306,28.34660816,28.05442527,27.76370358,27.47101543,27.17584196,26.87790899,26.57682351,26.27207327,25.96354376,25.65058817,,